<?xml version="1.0" encoding="UTF-8"?>
<project-private xmlns="http://www.netbeans.org/ns/project-private/1">
    <editor-bookmarks xmlns="http://www.netbeans.org/ns/editor-bookmarks/2" lastBookmarkId="0"/>
    <open-files xmlns="http://www.netbeans.org/ns/projectui-open-files/2">
        <group>
            <file>file:/C:/Users/rafae/Documents/NetBeansProjects/CadastroPOO/src/cadastropoo/CadastroPOO.java</file>
            <file>file:/C:/Users/rafae/Documents/NetBeansProjects/CadastroPOO/src/model/PessoaJuridicaRepo.java</file>
            <file>file:/C:/Users/rafae/Documents/NetBeansProjects/CadastroPOO/src/model/PessoaJuridica.java</file>
            <file>file:/C:/Users/rafae/Documents/NetBeansProjects/CadastroPOO/src/model/PessoaFisicaRepo.java</file>
            <file>file:/C:/Users/rafae/Documents/NetBeansProjects/CadastroPOO/src/model/PessoaFisica.java</file>
            <file>file:/C:/Users/rafae/Documents/NetBeansProjects/CadastroPOO/src/model/Pessoa.java</file>
        </group>
    </open-files>
</project-private>
